location_id,parent_location_id,higher_geography_id,higher_geography,continent,water_body,island_group,island,country,country_code,state_province,county,municipality,locality,minimum_elevation_in_meters,maximum_elevation_in_meters,minimum_distance_above_surface_in_meters,maximum_distance_above_surface_in_meters,minimum_depth_in_meters,maximum_depth_in_meters,vertical_datum,location_according_to,location_remarks,decimal_latitude,decimal_longitude,geodetic_datum,coordinate_uncertainty_in_meters,coordinate_precision,point_radius_spatial_fit,footprint_wkt,footprint_srs,footprint_spatial_fit,georeferenced_by,georeferenced_date,georeference_protocol,georeference_sources,georeference_remarks,preferred_spatial_representation
32779b605d76b14bbe3f547116543f2290fe7ed6,,,,,,,,México,MX,Chiapas,,San Cristóbal de Las Casas,Barrio Juan Sabines,2130.0,,,,,,,,,16.709,92.6157,EPSG:4326,,,,,,,,,,,,
2d615996fc349d2d80b5704adf80f61fb00b16e2,,,,,,,,México,MX,Chiapas,,Oxchuc,Mukulwitz,1972.0,,,,,,,,,16.8019,92.32189,EPSG:4326,,,,,,,,,,,,
3ee92a503da9cf6fb540534d9f089cdadf7c6a42,,,,,,,,México,MX,Chiapas,,Oxchuc,Retiro,2231.0,,,,,,,,,16.78602,92.36719,EPSG:4326,,,,,,,,,,,,
29f7b199eb17cbb422ea50fb99abafb6f7505e0c,,,,,,,,México,MX,Chiapas,,Ocosingo,Sibaca,1107.0,,,,,,,,,16.94469,92.18388,EPSG:4326,,,,,,,,,,,,
0325f7f1cbf9c2c04556d4bb92d129a4d507dd6b,,,,,,,,México,MX,Chiapas,,Ocosingo,Rosario,1118.0,,,,,,,,,16.88589,92.27417,EPSG:4326,,,,,,,,,,,,
0360eae101b021bed9535fd2bd4ccce7762dbf02,,,,,,,,México,MX,Chiapas,,La Trinitaria,San Francisco de Asís,767.0,,,,,,,,,16.0118,92.0267,EPSG:4326,,,,,,,,,,,,
d085c8d666080dbe9d195b403e0fb45edebf66d2,,,,,,,,Guatemala,GT,Huehuetenango,,La Democracia,Pinalito,963.0,,,,,,,,,15.6653,91.8618,EPSG:4326,,,,,,,,,,,,
95570693bdd577291fc6aac2c25512331cc69eef,,,,,,,,México,MX,Chiapas,,San Juan Cancuc,Chicja,1170.0,,,,,,,,,16.9024,92.3595,EPSG:4326,,,,,,,,,,,,
5a61e634ec49d3919b83a13434809a009040ffa1,,,,,,,,México,MX,Chiapas,,Ocosingo,Ocosingo,880.0,,,,,,,,,16.89199,92.08374,EPSG:4326,,,,,,,,,,,,
956ba4e17f3520fac3ba6c3d3de520528adb0d58,,,,,,,,Guatemala,GT,Huehuetenango,,La Democracia,Cajuil,1026.0,,,,,,,,,15.63746,91.78722,EPSG:4326,,,,,,,,,,,,
dff1a5995821d967a7154ee5acf7da85d7af30b0,,,,,,,,México,MX,Chiapas,,Oxchuc,El Calvario,1980.0,,,,,,,,,16.7907,92.3452,EPSG:4326,,,,,,,,,,,,
100d2d2b702463296601258626ea2e81bdc3e56a,,,,,,,,México,MX,Chiapas,,Oxchuc,Cerro Naj’ til Wits,1980.0,,,,,,,,,16.80509,92.3606,EPSG:4326,,,,,,,,,,,,
53b72321e3dd9e00962e772be846916b7527d53b,,,,,,,,México,MX,Oaxaca,,San Andrés Paxtlán,Car. 175,2397.0,,,,,,,,,16.21103,96.53598,EPSG:4326,,,,,,,,,,,,
c6fe78a0941c3e63c26c74466071459b163414c8,,,,,,,,México,MX,Chiapas,,Ocosingo,Ocosingo,1110.0,,,,,,,,,16.91625,92.13153,EPSG:4326,,,,,,,,,,,,
35ba3a804cd866498be9c9c7b292d6a2fd48ab27,,,,,,,,México,MX,Chiapas,,Ocosingo,Ocosingo,1290.0,,,,,,,,,16.86149,92.10616,EPSG:4326,,,,,,,,,,,,
9d3c6934803fc8b0dc7153a7c4b266ef1e5f46b1,,,,,,,,México,MX,Chiapas,,Tenejapa,Cruz Pilar,1220.0,,,,,,,,,16.8965,92.4505,EPSG:4326,,,,,,,,,,,,
050f618e9372d404b3f6222300f4fba55a38ea6a,,,,,,,,México,MX,Chiapas,,San Juan Cancuc,Tzuluwitz,1270.0,,,,,,,,,16.894,92.4019,EPSG:4326,,,,,,,,,,,,
6373dd6f9b2ea9e1aea65aac8ac3324a4ceb7f90,,,,,,,,México,MX,Chiapas,,San Juan Cancuc,Chijil,1095.0,,,,,,,,,16.947,92.4087,EPSG:4326,,,,,,,,,,,,
fdb1b8101942f9e092c1b54dcb8f19fa491fc32a,,,,,,,,México,MX,Chiapas,,San Juan Cancuc,Tzajalchen,1020.0,,,,,,,,,16.9474,92.3578,EPSG:4326,,,,,,,,,,,,
d01b78de2650039ecca4a25a112eea0f72f36371,,,,,,,,México,MX,Chiapas,,Ocosingo,San Miguel,950.0,,,,,,,,,16.91399,91.95614,EPSG:4326,,,,,,,,,,,,
7362fed6f54b7e9fbd3ff2e65cd564c94631e5ad,,,,,,,,Guatemala,GT,Huehuetenango,,Jacaltenango,Jacaltenango,1243.0,,,,,,,,,15.68064,91.72623,EPSG:4326,,,,,,,,,,,,
3eeecbaf211eb4b1a22ec8ec000f69bb41d9bb74,,,,,,,,Guatemala,GT,Huehuetenango,,San Antonio Huista,San Andrés,940.0,,,,,,,,,15.71666,91.74551,EPSG:4326,,,,,,,,,,,,
d9b78459b6029db1e914e82f008d62e6dfec0a8b,,,,,,,,México,MX,Chiapas,,San Juan Cancuc,Tzumbal,1080.0,,,,,,,,,16.9394,92.4434,EPSG:4326,,,,,,,,,,,,
b6d9ca4a511f0741257decf1a5b2c40a642a7652,,,,,,,,México,MX,Tabasco,,Tenosique,El Bejucal,116.0,,,,,,,,,17.32212,91.27428,EPSG:4326,,,,,,,,,,,,
7a3e6aedfd47fd75c5abdf6dc570c0ec6bf8f367,,,,,,,,México,MX,Tabasco,,Tenosique,Francisco Villa,185.0,,,,,,,,,17.269856863868,91.1867926338454,EPSG:4326,,,,,,,,,,,,
9e8503b2a4a7c7686b4deb5b41d2aec312999659,,,,,,,,México,MX,Tabasco,,Tenosique,Paso de la Sabana,19.0,,,,,,,,,17.4639177294193,91.5059020556633,EPSG:4326,,,,,,,,,,,,
7852ddc1b19b10304c31dcf2ab19f63d7ab1c170,,,,,,,,México,MX,Tabasco,,Tenosique,Ignacio Allende,195.0,,,,,,,,,17.3102691858705,91.222696372577,EPSG:4326,,,,,,,,,,,,
b4577f1ddb4cde00b57012dd2c7477a9461cb836,,,,,,,,México,MX,Tabasco,,Tenosique,Miguel Hidalgo,166.0,,,,,,,,,17.2782896108641,91.1573110162561,EPSG:4326,,,,,,,,,,,,
7fef7cd1590924c03d9b49623032f8dd7220f897,,,,,,,,México,MX,Tabasco,,Tenosique,Cabecera Usumacinta,18.0,,,,,,,,,17.5451142226322,91.4872464732147,EPSG:4326,,,,,,,,,,,,
adf5bc0a06a6865034e6c81f427156d56d58d97d,,,,,,,,México,MX,Tabasco,,Tenosique,Pino Suarez,13.0,,,,,,,,,17.5702081960042,91.4544795043026,EPSG:4326,,,,,,,,,,,,
bbc433c4ab05b001d6e60b37153576067a5c3981,,,,,,,,México,MX,Tabasco,,Tenosique,Emiliano Zapata,50.0,,,,,,,,,17.4182744884537,91.3241636245712,EPSG:4326,,,,,,,,,,,,
ba3436534983c4079d461bb2e04a63349818962a,,,,,,,,México,MX,Tabasco,,Tenosique,Estapilla,19.0,,,,,,,,,17.5324257763688,91.3862692058384,EPSG:4326,,,,,,,,,,,,
5b981d6f3dfc3e689fec55c2c483961a8c283d68,,,,,,,,México,MX,Tabasco,,Tenosique,Estapilla ,13.0,,,,,,,,,17.5402284796743,91.4035594618583,EPSG:4326,,,,,,,,,,,,
53f04932a0045fef0d2b201db82b94627884f39e,,,,,,,,México,MX,Campeche,,Champotón,Calakmul,184.0,,,,,,,,,18.46298,89.89098,EPSG:4326,,,,,,,,,,,,
965b0c88175fc6aefa3686aed6e7070ea834368a,,,,,,,,México,MX,Tabasco,,Tenosique,Tenosique,25.0,,,,,,,,,17.46133,91.43137,EPSG:4326,,,,,,,,,,,,
6347c762f216546717849e542d763924d7794807,,,,,,,,México,MX,Chiapas,,La Concordia,Cafetales,1021.0,,,,,,,,,15.82019,92.92319,EPSG:4326,,,,,,,,,,,,
f22eae97b3ae0b503ed9bacda7d99c1dc424f3b5,,,,,,,,México,MX,Chiapas,,Oxchuc,Ch’enchawuk,2057.0,,,,,,,,,16.79782,92.31598,EPSG:4326,,,,,,,,,,,,
e565c18e0c2df0cb8e65de9c81512b5572da12d1,,,,,,,,México,MX,Chiapas,,Oxchuc,Ka'ket curus,2251.0,,,,,,,,,16.78865,92.37189,EPSG:4326,,,,,,,,,,,,
fe374820f0e731b99a4dbf7132644f661cf80c1a,,,,,,,,México,MX,Chiapas,,Oxchuc,Zona Urbana,2000.0,,,,,,,,,16.7737,92.3421,EPSG:4326,,,,,,,,,,,,
8a82ed453701633f1b4df41d74fc3dbe3e950623,,,,,,,,México,MX,Chiapas,,Tuxtla Chico,Casa Jorge Mérida,453.0,,,,,,,,,14.98055,92.17293,EPSG:4326,,,,,,,,,,,,
2631313e559e96263581190a25339d71dd2013ad,,,,,,,,México,MX,Chiapas,,Oxchuc,Tzopilja,2211.0,,,,,,,,,16.72855,92.31024,EPSG:4326,,,,,,,,,,,,
8c98bcaac607b87a29ba4ad5ab579ce60c326afa,,,,,,,,México,MX,Tlaxcala,,Yauhquemehcan,Carr. San Dionisio; 4km WNW de Apizaco,2462.0,,,,,,,,,19.41908,98.18226,EPSG:4326,,,,,,,,,,,,
20581667354b3fd11c1719b5e41e449757eb9e13,,,,,,,,México,MX,Chiapas,,La Independencia,San Antonio Los Altos,1237.0,,,,,,,,,16.27872,91.69202,EPSG:4326,,,,,,,,,,,,
7e9c39406c5ddc68582129997e9ce538c4585dc5,,,,,,,,México,MX,Chiapas,,San Cristóbal de Las Casas,Ecosur,2130.0,,,,,,,,,16.7059,92.6149,EPSG:4326,,,,,,,,,,,,
826e089d5613b3465f60710ba632461164da35ad,,,,,,,,México,MX,Baja California Sur,,Comondú,Oasis La Purisima,104.0,,,,,,,,,26.18908,112.07252,EPSG:4326,,,,,,,,,,,,
ca7add9800e0976e633c2f483e706bc1e953b2ac,,,,,,,,México,MX,Chiapas,,Oxchuc,Almacén,1962.0,,,,,,,,,16.7808,92.33432,EPSG:4326,,,,,,,,,,,,
45a7fc9ae58454115763fefe8ef4ab222ff0b5ee,,,,,,,,Mexico,MX,Jalisco,,Atemajac de Brizuela,camino a Tierra Blanca,2167.0,,,,,,,,,20.17703,103.73587,EPSG:4326,,,,,,,,,,,,
6dd81b5187be711a734e56160742a87875614769,,,,,,,,México,MX,Chiapas,,Ocosingo,Rosario,1129.0,,,,,,,,,16.8824,92.2801,EPSG:4326,,,,,,,,,,,,
3080e3be266288d63c52514a1acf4980e06deffc,,,,,,,,México,MX,Oaxaca,,San Pedro Tapanatepec,Carr.200,132.0,,,,,,,,,16.42974,94.24079,EPSG:4326,,,,,,,,,,,,
cae1d426d5e8b635f0a44264f52c687cbc1d6ea3,,,,,,,,México,MX,Oaxaca,,San Dionisio Ocotepec,,1748.0,,,,,,,,,16.78428,96.36053,EPSG:4326,,,,,,,,,,,,
d833758d00583158f92d93ecf3a5e6969e604826,,,,,,,,México,MX,Oaxaca,,San Dionisio Ocotepec,,1722.0,,,,,,,,,16.79418,96.37409,EPSG:4326,,,,,,,,,,,,
be6634c56685b6c433ba1dcfb7a190cd95ad9639,,,,,,,,México,MX,Chiapas,,Arriaga,Ejido Adolfo López Mateos,367.5,,,,,,,,,16.32131,93.9832,EPSG:4326,,,,,,,,,,,,
fda2226a92a8ec2f02b11fd70fb7f683d9aee972,,,,,,,,México,MX,Oaxaca,,Tlacolula de Matamoros,Yagul,1685.0,,,,,,,,,16.94741,96.44855,EPSG:4326,,,,,,,,,,,,
552a30da07886059ad677fd85b295ae8bb85cfd9,,,,,,,,México,MX,Chiapas,,Tonalá,Ejido Nueva Costa Rica,407.5,,,,,,,,,16.1352,93.6824,EPSG:4326,,,,,,,,,,,,
cc026141300454242e1f8f59e9d6cd3e4f4e4cd2,,,,,,,,México,MX,Oaxaca,,San Juan Bautista Coixtlahuaca,Carr. 135D,2158.0,,,,,,,,,17.69995,97.36033,EPSG:4326,,,,,,,,,,,,
0f2b698318523d35c54faba6f1170fb9ac3c8971,,,,,,,,México,MX,Oaxaca,,Constancia del Rosario,casa N.Arnold,754.0,,,,,,,,,17.04117,97.94527,EPSG:4326,,,,,,,,,,,,
22f7329d1cc7e7af283313eb46c769d2b0196bb6,,,,,,,,México,MX,Oaxaca,,Putla Villa de Guerrero,"Muralla vieja, el Mirador",1023.0,,,,,,,,,16.95912,97.94205,EPSG:4326,,,,,,,,,,,,
2beebd0dc9faea501240173bfe1d7ccfb688fedb,,,,,,,,México,MX,Oaxaca,,Santa María Zacatepec,San Isidro Amatitlan,350.0,,,,,,,,,16.85212,98.00643,EPSG:4326,,,,,,,,,,,,
76403e412876a69b6b2a0419f7c972823336311c,,,,,,,,México,MX,Oaxaca,,Santa María Zacatepec,San Isidro Amatitlan,320.0,,,,,,,,,16.85588,98.02454,EPSG:4326,,,,,,,,,,,,
463a51fb0f1d9a6b491f2cfd689d855bca26e562,,,,,,,,México,MX,Oaxaca,,San Pedro y San Pablo Teposcolula,Guadalupe Tiza,2173.0,,,,,,,,,17.50815,97.50791,EPSG:4326,,,,,,,,,,,,
0542c3140881de3e2e9a2ede5d1a779cc1a179be,,,,,,,,México,MX,Oaxaca,,San Juan Teposcolula,Entrada Sur del pueblo,2289.0,,,,,,,,,17.54599,97.42853,EPSG:4326,,,,,,,,,,,,
21d89417531bcfb36b36954fff26e2d2716e35dc,,,,,,,,México,MX,Oaxaca,,Asunción Nochixtlán,Carr. 135D,2131.0,,,,,,,,,17.43251,97.20507,EPSG:4326,,,,,,,,,,,,
b9699ad80ee07d3e2ee03f272ab4e45fd1e8f615,,,,,,,,México,MX,Chiapas,,La Concordia,Río el Naranjo,770.0,,,,,,,,,15.80996,92.93011,EPSG:4326,,,,,,,,,,,,
7af021bdefdb667337f0ef9a02f6c6e9d07bd654,,,,,,,,México,MX,Chiapas,,La Concordia,"Sendero, Cerro Bola",1162.0,,,,,,,,,15.82922,92.91998,EPSG:4326,,,,,,,,,,,,
7635dbaedc7a3ccbd36cafe157157db8f4218f72,,,,,,,,México,MX,Chiapas,,La Concordia,Roble,921.0,,,,,,,,,15.74953,92.96705,EPSG:4326,,,,,,,,,,,,
d9844fef9af1bb4d9c7d3ba4c3ca6673e065ef76,,,,,,,,México,MX,Chiapas,,Chiapa de Corzo,Carr. entre el aeropuerto al sur y “el Amatal” al norte,428.0,,,,,,,,,16.60753,93.00938,EPSG:4326,,,,,,,,,,,,
37b666675d6081755600cc06c24b6544e8022fbe,,,,,,,,México,MX,Chiapas,,Chiapa de Corzo,"Carr. a Villa Flores; 0,5 km del Aeropuerto internacional",443.0,,,,,,,,,16.57045,93.01349,EPSG:4326,,,,,,,,,,,,
f418a9f8401c3620023e85d387af7fd3626540d5,,,,,,,,México,MX,Chiapas,,Venustiano Carranza,,907.0,,,,,,,,,16.45871,92.48244,EPSG:4326,,,,,,,,,,,,
d31466bd826852fb36ebf82a65242eef11f38f54,,,,,,,,México,MX,Chiapas,,Teopisca,Norte de Tzintul,988.0,,,,,,,,,16.48843,92.50895,EPSG:4326,,,,,,,,,,,,
c9cdc87dae7d733f4d2561b8b6477cc9bbb03436,,,,,,,,México,MX,Chiapas,,Nicolás Ruíz,Nuevo León,890.0,,,,,,,,,16.47467,92.60109,EPSG:4326,,,,,,,,,,,,
1f4cbb3a28ca7b15a5ae68d1556a9928b87c31b3,,,,,,,,México,MX,Chiapas,,Ocozocoautla de Espinosa,El Espinal,783.0,,,,,,,,,16.70193,93.43717,EPSG:4326,,,,,,,,,,,,
3d2abc71c91c559d29f829a7b3aac0ac51d459e6,,,,,,,,México,MX,Chiapas,,Ocozocoautla de Espinosa,El Espinal,814.0,,,,,,,,,16.68868,93.47461,EPSG:4326,,,,,,,,,,,,
17ebf76f3b9d9a137b11b1ba353efea3568edd98,,,,,,,,México,MX,Chiapas,,Ocozocoautla de Espinosa,El Espinal,792.0,,,,,,,,,16.69664,93.45305,EPSG:4326,,,,,,,,,,,,
9e67ae314e9ca5c953b34288f2170989293203ab,,,,,,,,México,MX,Chiapas,,La Concordia,Nuevo México,1095.0,,,,,,,,,15.79094,93.04142,EPSG:4326,,,,,,,,,,,,
ed3fd62ac90597245f2e3b9e095b5713732b7018,,,,,,,,México,MX,Chiapas,,La Concordia,"Nuevo Paraiso, col. el Comon",681.0,,,,,,,,,15.86361,92.9479,EPSG:4326,,,,,,,,,,,,
25a9a990cf1f2e7793f5cf8ad7104daf8cb2d9ea,,,,,,,,México,MX,Chiapas,,La Concordia,"Rio Potrocero, El Paraíso",763.0,,,,,,,,,15.85345,92.9669,EPSG:4326,,,,,,,,,,,,
19f3600f06a85bb7ee5661506889252f40ab9eaa,,,,,,,,México,MX,Chiapas,,San Cristóbal de Las Casas,Barrio de Cuxtitali,2140.0,,,,,,,,,16.74557,92.62126,EPSG:4326,,,,,,,,,,,,
c23b3b6c83e89d70facb95a707f88d68548bc806,,,,,,,,México,MX,Chiapas,,Chiapa de Corzo,Julian Grajales,553.0,,,,,,,,,16.46994,92.99347,EPSG:4326,,,,,,,,,,,,
29b3a5dfdcbe10df955a64709150782447828891,,,,,,,,México,MX,Chiapas,,Arriaga,Paraje Poza Verde,465.5,,,,,,,,,16.34207,93.9544,EPSG:4326,,,,,,,,,,,,
12be7d491639cd5283ac971d4d4f91264f349fd4,,,,,,,,México,MX,Chiapas,,Mazatán,Ej. Buenos Aires,20.0,,,,,,,,,14.8888,92.4811,EPSG:4326,,,,,,,,,,,,
636981bf994eeb5e79ed4796dba8863a66ebc45c,,,,,,,,México,MX,Tabasco,,Tenosique,,46.0,,,,,,,,,17.4196,91.3228,EPSG:4326,,,,,,,,,,,,
23ea43fea75bf7491c3febe2cc95d3643b74f3d2,,,,,,,,México,MX,Tabasco,,Tenosique,Carr. 203 al Puente,19.0,,,,,,,,,17.4487,91.4776,EPSG:4326,,,,,,,,,,,,
846b3c9276b47b16f13708efc874143576c11db4,,,,,,,,México,MX,Puebla,,Huehuetlán el Grande,Casa Esmeralda,1346.0,,,,,,,,,18.74949,98.17328,EPSG:4326,,,,,,,,,,,,
2c8a7532bd2d1700b291f86bc68bb6acebed7c49,,,,,,,,México,MX,Veracruz,,Huatusco,Las Cañadas,1376.0,,,,,,,,,19.1889,96.97434,EPSG:4326,,,,,,,,,,,,
43a524b69a7d28a9bccdc048cd585ced7ddfd0f6,,,,,,,,México,MX,Veracruz,,Huatusco,Las Cañadas,1314.0,,,,,,,,,19.18088,96.97369,EPSG:4326,,,,,,,,,,,,
82859365b8e9f1a92e46bed197e17c925f82e730,,,,,,,,México,MX,Veracruz,,San Andrés Tuxtla,Estación de Biología Tropical Los Tuxtlas,148.0,,,,,,,,,18.58486,95.07405,EPSG:4326,,,,,,,,,,,,
4b27b4fcd2a7949b9646b1c213e1ffaf22cd456c,,,,,,,,México,MX,Veracruz,,San Andrés Tuxtla,Lázaro Cardenas,256.0,,,,,,,,,18.58123,95.09815,EPSG:4326,,,,,,,,,,,,
e4e642ffbc0f077176550963e360a5a8bfd8fbac,,,,,,,,México,MX,Veracruz,,San Andrés Tuxtla,Playa Hermosa,9.0,,,,,,,,,18.66847,95.13125,EPSG:4326,,,,,,,,,,,,
887401f1f187e4b69312e4e3804cb87670a6fe9d,,,,,,,,México,MX,Campeche,,Hopelchén,Ejido Santa Rita,118.0,,,,,,,,,19.6569,89.87272,EPSG:4326,,,,,,,,,,,,
ebdfbe41266a9c2a16a9f75686f715310220c3d3,,,,,,,,México,MX,Oaxaca,,San Sebastián Nicananduta,camino forestal a San Antonio Monteverde,2947.0,,,,,,,,,17.50282,97.68886,EPSG:4326,,,,,,,,,,,,
af94929a468b115bdc2eeabbd5afd1b1658f0a7a,,,,,,,,México,MX,Oaxaca,,Oaxaca de Juárez,San Felipe el Agua,1733.0,,,,,,,,,17.11178,96.71669,EPSG:4326,,,,,,,,,,,,
0142ba261135d6cbea0713944594e307f7291479,,,,,,,,México,MX,Oaxaca,,Santa Maria Tonameca,Mazunte-Punta Cometa,32.0,,,,,,,,,15.66283,96.55666,EPSG:4326,,,,,,,,,,,,
ee11d21f7e53a21b0af7a72df0be67d22dbd887d,,,,,,,,México,MX,Chiapas,,La Trinitaria,Carretera 190,1041.0,,,,,,,,,16.04243,92.01793,EPSG:4326,,,,,,,,,,,,
cc53ab9e42fe70ee849b39703291c05d1c4904ae,,,,,,,,México,MX,Chiapas,,Villa Corzo,El Parral; rancho las Brisas,670.0,,,,,,,,,16.25613,93.01047,EPSG:4326,,,,,,,,,,,,
4f94dff2e3449809de9fdb99de7da606f8949e71,,,,,,,,México,MX,Chiapas,,La Concordia,La Tigrilla,586.0,,,,,,,,,15.97605,92.81658,EPSG:4326,,,,,,,,,,,,
a88be2d70608fc5ae83084dc5fe18daf1554c7df,,,,,,,,México,MX,Chiapas,,La Concordia,Carretera 157,583.0,,,,,,,,,15.9635,92.79847,EPSG:4326,,,,,,,,,,,,
829795e246a33d6f2217d792c980b892ad882763,,,,,,,,México,MX,Chiapas,,La Concordia,Carr. a Jaltenango,648.0,,,,,,,,,15.9235,92.75364,EPSG:4326,,,,,,,,,,,,
51d00239678f609bd88827b5b5e7cd20bd6f2d02,,,,,,,,México,MX,Chiapas,,Tuzantan,Carr. 211 Huixtla > Motozintla,162.0,,,,,,,,,15.17367,92.42175,EPSG:4326,,,,,,,,,,,,
bc6448ea6572faeda3511356e82e249e78e79239,,,,,,,,México,MX,Chiapas,,Cacahoatán,4 km al norte an carr. a Union Juarez,788.0,,,,,,,,,15.0351,92.15142,EPSG:4326,,,,,,,,,,,,
48fb87f202ddd1ff3bb3db15b12e1e108630d4e4,,,,,,,,México,MX,Chiapas,,Chiapa de Corzo,Libramiento Norte,429.0,,,,,,,,,16.71027,93.00592,EPSG:4326,,,,,,,,,,,,
2a9f2d0bbfd300f2735bf6976309d5a1c40e88ca,,,,,,,,México,MX,Chiapas,,Chilón,"Bachalón, UBACH",887.0,,,,,,,,,17.03847,92.18357,EPSG:4326,,,,,,,,,,,,
a94535b4fb1e33fc388725767f510411682428a2,,,,,,,,México,MX,Chiapas,,Cacahoatán,,1723.0,,,,,,,,,15.09994,92.14526,EPSG:4326,,,,,,,,,,,,
6e91cfc6c6aefe8818e6d48a34f592623cfd88e2,,,,,,,,México,MX,Chiapas,,Cacahoatán,Parcella Don Camillo,1810.0,,,,,,,,,15.10338,92.14647,EPSG:4326,,,,,,,,,,,,
5ab17bdcb41c8959635ebb07f36ccfa99942be1e,,,,,,,,México,MX,Chiapas,,Cacahoatán,parcella Don Camillo,1525.0,,,,,,,,,15.09354,92.14449,EPSG:4326,,,,,,,,,,,,
91bff54c36431a30e9ccdabd4605c26ace461639,,,,,,,,México,MX,Chiapas,,Cacahoatán,parcella Don Camillo,1497.0,,,,,,,,,15.09254,92.14532,EPSG:4326,,,,,,,,,,,,
b2fd1af23cf090a1dd7de516e9f472d3c5cfb444,,,,,,,,México,MX,Chiapas,,La Concordia,Rancho Campamento,847.0,,,,,,,,,15.77672,92.95191,EPSG:4326,,,,,,,,,,,,
0255a4365dee6144878c7cc70ba2954f5cf66d4e,,,,,,,,México,MX,Chiapas,,La Concordia,Custepec,1046.0,,,,,,,,,15.72697,92.96687,EPSG:4326,,,,,,,,,,,,
8abf3d06c07b4373d927959dd0fd4dd5502c510d,,,,,,,,México,MX,Chiapas,,La Concordia,carr. a Custepec,978.0,,,,,,,,,15.74512,92.96778,EPSG:4326,,,,,,,,,,,,
2a03f5363c2b05440a235d40c5f259f46b4efb74,,,,,,,,México,MX,Michoacán,,Tzintzuntzan,Cucuchucho,2101.0,,,,,,,,,19.5885,101.6155,EPSG:4326,,,,,,,,,,,,
f0f9effdf27be759249f33d9302066a5ae305fc0,,,,,,,,México,MX,Michoacán,,Erongaricuaro,San Francisco Uricho,2069.0,,,,,,,,,19.56592,101.71788,EPSG:4326,,,,,,,,,,,,
9084e0659918de11e0810c230c50ac75b11619a1,,,,,,,,México,MX,Michoacán,,Uruapan,Ruinas de la iglesia del volcan Paricutín,2271.0,,,,,,,,,19.53428,102.2483,EPSG:4326,,,,,,,,,,,,
c34717a3feff0fd1390e9948352f3777ab06fc09,,,,,,,,México,MX,Chiapas,,Tapachula,Carretera Jaritas,30.0,,,,,,,,,14.783,92.3679,EPSG:4326,,,,,,,,,,,,
b483c13b21c6a8953a1b7d064783b116257ee207,,,,,,,,México,MX,Chiapas,,Mazatán,Ej. Aquiles Serdán,10.0,,,,,,,,,14.94,92.515,EPSG:4326,,,,,,,,,,,,
972f2607804e5978119b2d8c1dc4a1d4b88af7bc,,,,,,,,México,MX,Chiapas,,Tapachula,Los toros,40.0,,,,,,,,,14.8148,92.342,EPSG:4326,,,,,,,,,,,,
7fc0b58abb3931e7fc20e0d92a280d5a088c5e3e,,,,,,,,Guatemala,GT,Huehuetenango,,La Libertad,Calaute,915.0,,,,,,,,,15.57104,91.84962,EPSG:4326,,,,,,,,,,,,
e541b57f92a321cd4e2c9980f3537e7a3c185688,,,,,,,,México,MX,Chiapas,,Ocosingo,San Francisco,922.0,,,,,,,,,16.9156,92.0483,EPSG:4326,,,,,,,,,,,,
fb7bc71b84dc9f961e5538c6dc0bfa7d98e5f671,,,,,,,,México,MX,Chiapas,,Tapachula,Tapachula,127.0,,,,,,,,,14.8867,92.2866,EPSG:4326,,,,,,,,,,,,
a571a8616ce72df18327398f71816bcf77783a9f,,,,,,,,México,MX,Chiapas,,Bella Vista,Carretera a Bella Vista,1827.0,,,,,,,,,15.6071,92.2143,EPSG:4326,,,,,,,,,,,,
cde912c41a95845c4f0f9ff16dbbdace95e5d818,,,,,,,,Guatemala,GT,Huehuetenango,,San Antonio Huista,Buenos Aires,1192.0,,,,,,,,,15.61016,91.74186,EPSG:4326,,,,,,,,,,,,
45812b174302b1c11c3c963886492a69d86f329f,,,,,,,,Guatemala,GT,Huehuetenango,,San Antonio Huista,La Unión,1038.0,,,,,,,,,15.57402,91.81413,EPSG:4326,,,,,,,,,,,,
bbf63c1f80240bdea2fa7ea57566c5182f25cbdb,,,,,,,,Guatemala,GT,Huehuetenango,,Santa Ana Huista,Chejbal,1085.0,,,,,,,,,15.68597,91.78158,EPSG:4326,,,,,,,,,,,,
e4af690022a6f8ef85e9c7adb4742480c6e8f1a1,,,,,,,,Guatemala,GT,Huehuetenango,,La Democracia,Chaparral,1007.0,,,,,,,,,15.67407,91.95515,EPSG:4326,,,,,,,,,,,,
cc4de92cd1588b29deb6da4777db29598aaa1caf,,,,,,,,México,MX,Chiapas,,Ocosingo,Toniná,895.0,,,,,,,,,16.90044,92.01452,EPSG:4326,,,,,,,,,,,,
ae8035f984b7f698be9fba1b7ee35043406801a0,,,,,,,,Guatemala,GT,Huehuetenango,,La Democracia,Nojoya,1000.0,,,,,,,,,15.66123,91.82008,EPSG:4326,,,,,,,,,,,,
2422a903d46a76720e32bf31a02ac8d770588a11,,,,,,,,México,MX,Chiapas,,Ocosingo,Javier López Moreno,925.0,,,,,,,,,16.82235,91.97311,EPSG:4326,,,,,,,,,,,,
39e9bc86f8294333b316d33d5704810bbbab0abe,,,,,,,,México,MX,Chiapas,,Altamirano,Santa María,960.0,,,,,,,,,16.847375,92.037983,EPSG:4326,,,,,,,,,,,,
7d764ec64a7a4b0748f9b0c124fd225958d15421,,,,,,,,México,MX,Chiapas,,Zinacantán,Autopista Puente San Cristóbal,1733.0,,,,,,,,,16.69431,92.78112,EPSG:4326,,,,,,,,,,,,
fdf6edbdbaea3fd2323cd1d9f970d37f26d3a005,,,,,,,,Guatemala,GT,Huehuetenango,,La Libertad,Camojaito,940.0,,,,,,,,,15.61604,91.87273,EPSG:4326,,,,,,,,,,,,
c18bd00bef83c117a8830e9715737acdfa38b76a,,,,,,,,México,MX,Chiapas,,Suchiate,Cosalapa,10.0,,,,,,,,,14.6397,92.2675,EPSG:4326,,,,,,,,,,,,
d50493371d59b677000c9d15d18fe95e762dea94,,,,,,,,México,MX,Chiapas,,Tapachula,El Manzano,30.0,,,,,,,,,14.76,92.3002,EPSG:4326,,,,,,,,,,,,
276f33cf6970c5e6d0e901826df14204875496c6,,,,,,,,México,MX,Chiapas,,Tuxtla Chico,Tuxtla Chico,337.0,,,,,,,,,14.94,92.1592,EPSG:4326,,,,,,,,,,,,
7be876468ee74a5d7470ae8a3092bf308e2ef5e7,,,,,,,,México,MX,Chiapas,,Zinacantán,Autopista a Tuxtla,1610.0,,,,,,,,,16.69018,92.79971,EPSG:4326,,,,,,,,,,,,
70776cd8b85318a4ba43232729955dfc5a2941b9,,,,,,,,Guatemala,GT,Huehuetenango,,San Antonio Huista,Montañita,993.0,,,,,,,,,15.5802,91.8617,EPSG:4326,,,,,,,,,,,,
b8fe9e5ee7f6b1698d68e6b61b366109968f22cb,,,,,,,,Guatemala,GT,Huehuetenango,,Jacaltenango,Galeras,1003.0,,,,,,,,,15.6521,91.8038,EPSG:4326,,,,,,,,,,,,
99df42bf1f21432d5ea8d5dd728eb22695b06774,,,,,,,,México,MX,Chiapas,,Tuxtla Chico,Rosario Izapa,445.0,,,,,,,,,14.9733,92.1546,EPSG:4326,,,,,,,,,,,,
703eaed2de8268925e1e9464ee2909fd7fcde544,,,,,,,,Guatemala,GT,Huehuetenango,,San Antonio Huista,Calaute Medio,1059.0,,,,,,,,,15.5689,91.8414,EPSG:4326,,,,,,,,,,,,
f58b994717e74fb73cb3256a371b1199a068f7b2,,,,,,,,México,MX,Chiapas,,Ocosingo,San Juan del Río,910.0,,,,,,,,,16.91296,92.3218,EPSG:4326,,,,,,,,,,,,
260e20d3c8f6c20b6d9573c02e3fa310091f785a,,,,,,,,México,MX,Chiapas,,Motozintla de Mendoza,Motozintla,1230.0,,,,,,,,,15.3716,92.2371,EPSG:4326,,,,,,,,,,,,
eed51278dc994e1d93fd7179460443431bccf9fe,,,,,,,,Guatemala,GT,Huehuetenango,,San Antonio Huista,Calaute Alto,1229.0,,,,,,,,,15.5684,91.8277,EPSG:4326,,,,,,,,,,,,
1acc723e556fd22d5bc5ca41e6d36f77b7d7bee5,,,,,,,,México,MX,Chiapas,,Cacahoatán,Carretera a Manuel Lazos,466.0,,,,,,,,,14.9855,92.1705,EPSG:4326,,,,,,,,,,,,
f3fcea5abf552e4caa2456d5e2dc0e461266add3,,,,,,,,México,MX,Chiapas,,Venustiano Carranza,Carretera Nicolás Ruíz-Venustiano Carranza,1054.0,,,,,,,,,16.4768,92.4922,EPSG:4326,,,,,,,,,,,,
e9b5033a6e84f48bbd63ef069534f713edef9e30,,,,,,,,Guatemala,GT,Huehuetenango,,Jacaltenango,Rancho Viejo,949.0,,,,,,,,,15.623,91.78,EPSG:4326,,,,,,,,,,,,
528d6177c6b2e320d5c385f235b1c7aa1d0dfcd1,,,,,,,,Guatemala,GT,Huehuetenango,,San Antonio Huista,Miralvalle,1127.0,,,,,,,,,15.6679,91.9552,EPSG:4326,,,,,,,,,,,,
a6f58ab767af8c353668d1acdb9eae225cdaf123,,,,,,,,México,MX,Chiapas,,La Trinitaria,Ejido Cuauhtémoc,1451.0,,,,,,,,,16.1117,91.62929,EPSG:4326,,,,,,,,,,,,
20f08eb3c0f6f3f8d36bfcced80ac33b614604a5,,,,,,,,México,MX,Chiapas,,Mazatán,La Gloria,15.0,,,,,,,,,14.8455,92.4658,EPSG:4326,,,,,,,,,,,,
7bf320ca4fb128bcbcb104f9fa47517f4dbbe3b5,,,,,,,,México,MX,Oaxaca,,Santa María Tonameca,San-Agustinillo Carretera,19.0,,,,,,,,,15.6668,96.54062,EPSG:4326,,,,,,,,,,,,
1c10c344dc6e71ad09ff631c27964a95a3dc7c53,,,,,,,,México,MX,Chiapas,,Unión Juárez,Unión Juárez,1310.0,,,,,,,,,15.0618,92.08,EPSG:4326,,,,,,,,,,,,
ff8d6ffe8998666dfdebdcddf4497e096fdf46de,,,,,,,,México,MX,Chiapas,,Chiapa de Corzo,Autopista a Chiapa de Corzo,575.0,,,,,,,,,16.748,92.9747,EPSG:4326,,,,,,,,,,,,
1210a5bac07073f97913e506072079cf9f153dbf,,,,,,,,México,MX,Puebla,,Atzitzintla,Texmalaquilla,3558.0,,,,,,,,,18.96952,97.28791,EPSG:4326,,,,,,,,,,,,
75e3679a9633e675f39c04b255838378e1615ccd,,,,,,,,México,MX,Chiapas,,Huixtán,Carretera a Chanal,2327.0,,,,,,,,,16.6386,92.3973,EPSG:4326,,,,,,,,,,,,
cd5f9031608d7ae02f717194f1bbfe9de50b9002,,,,,,,,México,MX,Chiapas,,Huixtán,Carretera a Chanal,2087.0,,,,,,,,,16.6369,92.3314,EPSG:4326,,,,,,,,,,,,
3dd92bd1674663509a29f06d103e602af2b058f1,,,,,,,,México,MX,Chiapas,,Ocozocoautla de Espinosa,Veinte casas,985.0,,,,,,,,,16.9785,93.54453,EPSG:4326,,,,,,,,,,,,
79f8e6ba8a3ba00ac938b3057dc73510136162e9,,,,,,,,México,MX,Chiapas,,San Cristóbal de Las Casas,ALBARRADA,2128.0,,,,,,,,,16.7102,92.6263,EPSG:4326,,,,,,,,,,,,
efeccc16269b56807912df646e60c809370d4263,,,,,,,,México,MX,Chiapas,,San Cristóbal de Las Casas,ESQUIPULAS,2174.0,,,,,,,,,16.7506,92.666,EPSG:4326,,,,,,,,,,,,
8ec23f5847abca61b1cdd4b9c0a40de6990a4372,,,,,,,,México,MX,Chiapas,,San Cristóbal de Las Casas,BCIDECI,2171.0,,,,,,,,,16.7613,92.6703,EPSG:4326,,,,,,,,,,,,
63a7ceb5af257078009c9398cc842c4b164d6ba4,,,,,,,,México,MX,Chiapas,,San Cristóbal de Las Casas,BCANASTA,2138.0,,,,,,,,,16.7339,92.6175,EPSG:4326,,,,,,,,,,,,
5b2898220ff8e9d32e26cae6f79e1144e52df30b,,,,,,,,México,MX,Chiapas,,San Cristóbal de Las Casas,HCONALEP,2127.0,,,,,,,,,16.7142,92.6218,EPSG:4326,,,,,,,,,,,,
0c62cf3d1bf113881d5b341888aab2d9de202992,,,,,,,,México,MX,Chiapas,,San Cristóbal de Las Casas,CLARISAS,2129.0,,,,,,,,,16.7331,92.6259,EPSG:4326,,,,,,,,,,,,
7d34a1774a05cdfa32c6ad096bae92b5f7d566d2,,,,,,,,México,MX,Chiapas,,San Cristóbal de Las Casas,BEXP,2125.0,,,,,,,,,16.713,92.6532,EPSG:4326,,,,,,,,,,,,
275f389d05ad092c0f884387ccecf03c8614aa99,,,,,,,,México,MX,Chiapas,,San Cristóbal de Las Casas,BUNICH,2147.0,,,,,,,,,16.7136,92.6084,EPSG:4326,,,,,,,,,,,,
2a7aa2cecd75195fbf1590efd4fd30e10d61d832,,,,,,,,México,MX,Chiapas,,San Cristóbal de Las Casas,TONO,2168.0,,,,,,,,,16.7424,92.6235,EPSG:4326,,,,,,,,,,,,
6ee2c01a3196c08ffa573db56bcb4d70122eb45d,,,,,,,,México,MX,Chiapas,,San Cristóbal de Las Casas,BCERRITO,2151.0,,,,,,,,,16.7319,92.6475,EPSG:4326,,,,,,,,,,,,
5c2229620023d4cb2e1e5e6c00a62c8905b62a0a,,,,,,,,México,MX,Chiapas,,San Cristóbal de Las Casas,KEES,2168.0,,,,,,,,,16.7479,92.6428,EPSG:4326,,,,,,,,,,,,
c328e86e0452fd9e5e5954b2c0cdf3c3b3f49884,,,,,,,,México,MX,Chiapas,,San Cristóbal de Las Casas,BEST,2174.0,,,,,,,,,16.733,92.626,EPSG:4326,,,,,,,,,,,,
7ec924f641e502288eb8c22905c3c31d1513dc26,,,,,,,,México,MX,Chiapas,,San Cristóbal de Las Casas,LYLY,2166.0,,,,,,,,,16.7407,92.6277,EPSG:4326,,,,,,,,,,,,
33670f3a593248ec0d782022297eb669c2517895,,,,,,,,México,MX,Chiapas,,San Cristóbal de Las Casas,BH,2136.0,,,,,,,,,16.7193,92.6589,EPSG:4326,,,,,,,,,,,,
d66ec551ad2e7c7a88efbf44c5b68b555abd5457,,,,,,,,México,MX,Chiapas,,San Cristóbal de Las Casas,ECOSUR,2133.0,,,,,,,,,16.7063,92.6157,EPSG:4326,,,,,,,,,,,,
fe4fc17e8a3ad046e1e14ab62ebcac78db5cf3ae,,,,,,,,México,MX,Chiapas,,San Cristóbal de Las Casas,CASAPAN,2144.0,,,,,,,,,16.7374,92.6337,EPSG:4326,,,,,,,,,,,,
a63a78d0e139cea19d5eaf34ab1bc13c66f1df0c,,,,,,,,México,MX,Chiapas,,San Cristóbal de Las Casas,CARME,2174.0,,,,,,,,,16.7276,92.6401,EPSG:4326,,,,,,,,,,,,
a590be0a7ae785bc32675ca55ea728024e91c45f,,,,,,,,México,MX,Chiapas,,San Cristóbal de Las Casas,BREYES,2161.0,,,,,,,,,16.7062,92.6069,EPSG:4326,,,,,,,,,,,,
8430d5e81de472210623a36258df159a8dc5758c,,,,,,,,México,MX,Chiapas,,Frontera Comalapa,tecnologico,681.0,,,,,,,,,15.63791,92.13083,EPSG:4326,,,,,,,,,,,,
54a7956c8bbb6f32390988cb23473c5840fa958b,,,,,,,,México,MX,Chiapas,,Frontera Comalapa,Sabinada,658.0,,,,,,,,,15.69929,92.15029,EPSG:4326,,,,,,,,,,,,
ecc6c85d8b17b3462d13db4f2f0586201172ece0,,,,,,,,México,MX,Chiapas,,Frontera Comalapa,Ninos heroes,675.0,,,,,,,,,15.63915,92.13881,EPSG:4326,,,,,,,,,,,,
11b6d51efae8594b4c651e361cbb044617b3bafd,,,,,,,,México,MX,Chiapas,,Frontera Comalapa,Huixnayal,683.0,,,,,,,,,15.63684,92.11624,EPSG:4326,,,,,,,,,,,,
b88810a1a0aa9e5b2001800d45862c08aac5f634,,,,,,,,México,MX,Chiapas,,Frontera Comalapa,RPalma,652.0,,,,,,,,,15.69795,92.15615,EPSG:4326,,,,,,,,,,,,
412772bdd02aba352b07106d5463a5e728de9f6b,,,,,,,,México,MX,Chiapas,,Frontera Comalapa,C.Daniel,647.0,,,,,,,,,15.7002,92.15752,EPSG:4326,,,,,,,,,,,,
c70b0b8af44efe666a8e392c171bc431137d1e77,,,,,,,,México,MX,Chiapas,,Chiapa de Corzo,autopista en limite con el Mpo de Zinacantan,1260.0,,,,,,,,,16.70076,92.86656,EPSG:4326,,,,,,,,,,,,
69452dd9d4afffca06fae22849bd048409c0190a,,,,,,,,México,MX,Chiapas,,Bochil,La Yerbabuena,1653.0,,,,,,,,,16.91784,92.91729,EPSG:4326,,,,,,,,,,,,
20a362aaa1a8bd284d1088c00f61572817d21db4,,,,,,,,México,MX,Chiapas,,Villa Corzo,Carretera a Ejido Sierra Morena,796.0,,,,,,,,,16.16865,93.50988,EPSG:4326,,,,,,,,,,,,
ec863083d69d22f58fbb34067969089633e7256e,,,,,,,,México,MX,Chiapas,,Tonalá,Ejido Sierra Morena,1331.0,,,,,,,,,16.1527,93.6091,EPSG:4326,,,,,,,,,,,,
f0e30fcea0b9762a2a18be0551753c11c7819a77,,,,,,,,México,MX,Chiapas,,Socoltenango,,723.0,,,,,,,,,16.15206,92.38493,EPSG:4326,,,,,,,,,,,,
e90d2edb205e6508e503a74b503b966a8329a485,,,,,,,,México,MX,Chiapas,,Socoltenango,,732.0,,,,,,,,,16.13092,92.40914,EPSG:4326,,,,,,,,,,,,
9521fcd86c8bc87cd9f8ca1e54d20a91f0f9ddfe,,,,,,,,México,MX,Chiapas,,Socoltenango,,581.0,,,,,,,,,16.10118,92.44592,EPSG:4326,,,,,,,,,,,,
a0ecef6ceb7c2fd74e3df25d989ee7effa2855b1,,,,,,,,México,MX,Chiapas,,Socoltenango,,741.0,,,,,,,,,16.22243,92.35469,EPSG:4326,,,,,,,,,,,,
038236faa0431831a54a51c9558406039de2b579,,,,,,,,México,MX,Chiapas,,Las Rosas (Villa),,1710.0,,,,,,,,,16.43619,92.40099,EPSG:4326,,,,,,,,,,,,
6f27b722f50d29e50621917cf91f8cf0eeec56d7,,,,,,,,México,MX,Chiapas,,Tzimol,Reforma agraria II,617.0,,,,,,,,,16.1479,92.31876,EPSG:4326,,,,,,,,,,,,
bae3f523b2c178188a71e1b0fa523d9935b52183,,,,,,,,México,MX,Chiapas,,Las Rosas (Villa),,1291.0,,,,,,,,,16.34328,92.38043,EPSG:4326,,,,,,,,,,,,
0e1bdae3931dac2598c3876947bba050c5245a98,,,,,,,,México,MX,Oaxaca,,San Miguel Amatlán,al Este del Pueblo,3167.0,,,,,,,,,17.12846,96.44551,EPSG:4326,,,,,,,,,,,,
d5039197e013bb3e752673cdf4e69d072cd30c01,,,,,,,,México,MX,Chiapas,,Tecpatan,carr. de Autopista 145D a Tecpetan,252.0,,,,,,,,,17.1867,93.5274,EPSG:4326,,,,,,,,,,,,
6a55672d848d523bf4696ce8e96aa752f47099f5,,,,,,,,México,MX,Chiapas,,San Lucas,,972.0,,,,,,,,,16.60998,92.68538,EPSG:4326,,,,,,,,,,,,
3a8b5aedc5cd4d2a18c3fd65fe76c3059b0f1872,,,,,,,,México,MX,Chiapas,,San Lucas,,753.0,,,,,,,,,16.60415,92.69944,EPSG:4326,,,,,,,,,,,,
041b6c5d8ee090a41e377dd33ec8ca26f4796d23,,,,,,,,México,MX,Chiapas,,Chiapilla,Carr. a San Lucas,495.0,,,,,,,,,16.58474,92.71923,EPSG:4326,,,,,,,,,,,,
05157e1b73415910cbff5a4698aa964908cb34c0,,,,,,,,México,MX,Chiapas,,San Lucas,carr. San Lucas a Chiapilla,595.0,,,,,,,,,16.6077,92.72165,EPSG:4326,,,,,,,,,,,,
b2019bcd0c8b283a0fd3b50c957552572e7c8716,,,,,,,,México,MX,Chiapas,,La Trinitaria,"Carr.190, camino a Los Manguitos",905.0,,,,,,,,,16.03018,92.02205,EPSG:4326,,,,,,,,,,,,
6cbe7ac8d4248d5e45d4984d6ff57e45a66522fa,,,,,,,,México,MX,Chiapas,,La Trinitaria,Angel Albino Corzo,1072.0,,,,,,,,,16.05073,91.91535,EPSG:4326,,,,,,,,,,,,
955b90df9368ae56cd586feb4ee3f7d3bb7f0119,,,,,,,,México,MX,Chiapas,,La Trinitaria,autopista a la Frontera,612.0,,,,,,,,,15.87867,91.9964,EPSG:4326,,,,,,,,,,,,
77b7b6617c2a193db777e4da7d708606984525da,,,,,,,,México,MX,Chiapas,,La Trinitaria,Nuevo Zapolito (?)-Terraceria entre Carr.190 y Carr.226,737.0,,,,,,,,,16.03241,92.08958,EPSG:4326,,,,,,,,,,,,
85380aaf36b1354684275caa0c84cc9fa6e4e606,,,,,,,,México,MX,Chiapas,,Tzimol,Sur del Cruz con Carr.226,784.0,,,,,,,,,16.11908,92.20726,EPSG:4326,,,,,,,,,,,,
6b7728838f51a60dd7b910710686b9ab71db37ee,,,,,,,,México,MX,Chiapas,,Tzimol,carr. 226 a Tzimol,924.0,,,,,,,,,16.11546,92.19632,EPSG:4326,,,,,,,,,,,,
6c7b43ea0851263ebbc9cc5306b2c401ff984148,,,,,,,,México,MX,Chiapas,,Chiapa de Corzo,Julian Grajales,460.0,,,,,,,,,16.487,92.97316,EPSG:4326,,,,,,,,,,,,
80fcf08172087b1486e7e7b97aab122c04815d17,,,,,,,,México,MX,Chiapas,,Chiapa de Corzo,Julian Grajales,449.0,,,,,,,,,16.48989,93.0,EPSG:4326,,,,,,,,,,,,
b2619a2e8214ce11011cc08ba21f354163ef1b11,,,,,,,,México,MX,Chiapas,,Chiapa de Corzo,,700.0,,,,,,,,,16.41729,92.90731,EPSG:4326,,,,,,,,,,,,
ce02e46b1dec90b13fa4d9f210dd347163b65ef1,,,,,,,,México,MX,Chiapas,,Villa Corzo,El Parral,770.0,,,,,,,,,16.3665,93.04094,EPSG:4326,,,,,,,,,,,,
0e2f3276fcf47d92e04bbc63dc156ae3c77afe4e,,,,,,,,México,MX,Chiapas,,Villa Corzo,camino a la presa,660.0,,,,,,,,,16.35593,92.9626,EPSG:4326,,,,,,,,,,,,
79457de547520ce2387fdba215c73790ba5f03d0,,,,,,,,México,MX,Chiapas,,Villa Corzo,El Parral,656.0,,,,,,,,,16.36388,93.00394,EPSG:4326,,,,,,,,,,,,
5f1a267860045115347e655060fa4dde53101455,,,,,,,,México,MX,Chiapas,,Villa Corzo,"El Parral, camino Oeste a Villaflores",981.0,,,,,,,,,16.36631,93.0675,EPSG:4326,,,,,,,,,,,,
52d47fe0aa0b8c7188fb8a188cc72369dd5990a3,,,,,,,,México,MX,Chiapas,,Villaflores,,531.0,,,,,,,,,16.28806,93.19163,EPSG:4326,,,,,,,,,,,,
d3fcedd94a391bc8b617755432176cd8d73b24db,,,,,,,,México,MX,Chiapas,,Ángel Albino Corzo,San Nicolas,1236.0,,,,,,,,,15.73103,92.58577,EPSG:4326,,,,,,,,,,,,
0dedcbe8fa2753c35584790bd8290b33c7c725f8,,,,,,,,México,MX,Chiapas,,San Cristóbal de Las Casas,Corazon de Maria,2362.0,,,,,,,,,16.7148,92.55912,EPSG:4326,,,,,,,,,,,,
dc353a5b2d6a13cb15c44e7cf765b6ff88bbd466,,,,,,,,México,MX,Chiapas,,San Cristóbal de Las Casas,Mazatan,1755.0,,,,,,,,,16.6608,92.67874,EPSG:4326,,,,,,,,,,,,
07d4e158ca4717e93ad356a8c8445ff009ed5dc5,,,,,,,,México,MX,Puebla,,Huehuetlán el Grande,PataLeon,1445.0,,,,,,,,,18.76192,98.17253,EPSG:4326,,,,,,,,,,,,
17bb26e83268579fc501467d4a42e0767830c7bb,,,,,,,,México,MX,Puebla,,Huehuetlán el Grande,La Colonia,1640.0,,,,,,,,,18.77071,98.19099,EPSG:4326,,,,,,,,,,,,
cb439e483bf5431d1e9296c3c58a74bb2b28c859,,,,,,,,México,MX,Puebla,,Huehuetlán el Grande,Bienes comunales,1345.0,,,,,,,,,18.75558,98.17335,EPSG:4326,,,,,,,,,,,,
c9c94caabd810e3bee427cfe5ca2470b24411f09,,,,,,,,México,MX,Nuevo León,,Allende,Cam Raices,460.0,,,,,,,,,25.2525,100.03555,EPSG:4326,,,,,,,,,,,,
3f917830d4c1bd798c0049282c0f6eeb8425567f,,,,,,,,México,MX,Nuevo León,,Lampazo de naranjo,,324.0,,,,,,,,,27.02446,100.50801,EPSG:4326,,,,,,,,,,,,
efdc4989d9c7d51ddec66190cf95cffc5d705b1b,,,,,,,,México,MX,Chiapas,,Ocozocoautla de Espinosa,Finca el Carinto,857.0,,,,,,,,,16.83907,93.44034,EPSG:4326,,,,,,,,,,,,
1570aae09ea208670589219ca2edac309998c744,,,,,,,,México,MX,Chiapas,,Ocozocoautla de Espinosa,,887.0,,,,,,,,,16.8345,93.45762,EPSG:4326,,,,,,,,,,,,
738a8419f2e6224a033b63858bad4887cf1b05da,,,,,,,,México,MX,Quintana Roo,,Bacalar,Rodeo Incendio 1,62.0,,,,,,,,,18.71186,88.6134,EPSG:4326,,,,,,,,,,,,
db4cf67a70c0c873bf6c118a5cd9d1b49b44c565,,,,,,,,México,MX,Quintana Roo,,Bacalar,Redeo incendio 2,52.0,,,,,,,,,18.71198,88.60832,EPSG:4326,,,,,,,,,,,,
935df4760571dc4752a8a879cc823b326ae63843,,,,,,,,México,MX,Qunitana Roo,,Bacalar,Redeo incendio 3,35.0,,,,,,,,,18.70642,88.56887,EPSG:4326,,,,,,,,,,,,
905d1820aa8987f2ab2e5167b4a367d995f9abe1,,,,,,,,México,MX,Quintana Roo,,Bacalar,244-Milpa Agustin,19.0,,,,,,,,,18.68472,88.42405,EPSG:4326,,,,,,,,,,,,
5dd1bf4b84a12a6a280e2007a7367e84369f0608,,,,,,,,México,MX,Chiapas,,Pantelhó,Aquiles  Serdán,678.0,,,,,,,,,17.10399,92.49188,EPSG:4326,,,,,,,,,,,,
688f182cbbc41d6a4f8a7134c03ebd8dcd4e9bf6,,,,,,,,México,MX,Morelos,,Tepoztlán,Los Ocotes,2057.0,,,,,,,,,19.004,99.11074,EPSG:4326,,,,,,,,,,,,
55ec0a46bd98795bf19fa7fbc276441a78b31c71,,,,,,,,México,MX,Oaxaca,,San Pablo Etla,Cuitlahuac,1665.0,,,,,,,,,17.15561,96.75833,EPSG:4326,,,,,,,,,,,,
484681da6d9c960f004a27483d50fd3809ca767b,,,,,,,,México,MX,Morelos,,Tepoztlán,"Atongo, Puente Río",1607.0,,,,,,,,,18.97067,99.07678,EPSG:4326,,,,,,,,,,,,
a008f1aff2849ea88f3c289aa699179711147e04,,,,,,,,México,MX,Puebla,,Izucar de Matamoros,7 km al SE de San Juan Raboso,1483.0,,,,,,,,,18.51658,98.412,EPSG:4326,,,,,,,,,,,,
31c73712cb083b5a7d81c842ed494690428514ed,,,,,,,,México,MX,Morelos,,Tepoztlán,Autopista Norte Oacalco,1354.0,,,,,,,,,18.93742,99.04283,EPSG:4326,,,,,,,,,,,,
c594a6bda5792d6aa7558e39ba5fff949a0760e6,,,,,,,,México,MX,Oaxaca,,San Mateo Río Hondo,San José del Pacifico,2565.0,,,,,,,,,16.16864,96.49786,EPSG:4326,,,,,,,,,,,,
1472e912652e250cfabd3767b7136a1f93c62d5f,,,,,,,,México,MX,Chiapas,,Soyalo,Col. Guadalupe,1189.0,,,,,,,,,16.88488,92.9293,EPSG:4326,,,,,,,,,,,,
e24d9c6c1e312996173362f55658edf42bed804a,,,,,,,,México,MX,Chiapas,,San Cristóbal de Las Casas,Yashinin/San Mateo,2348.0,,,,,,,,,16.65063,92.42912,EPSG:4326,,,,,,,,,,,,
ec2bddfe9370bfa5967db64c0ef67c4e07fcdcd4,,,,,,,,México,MX,México,,Aculco,"Tixhinu, San Joaquin",2622.0,,,,,,,,,20.09694,99.90361,EPSG:4326,,,,,,,,,,,,
3d167cc75e634cb676525776518d906adc34c3d5,,,,,,,,México,MX,Chiapas,,Ocosingo,"1,2 km NE de Laguna Naja",1118.0,,,,,,,,,16.98381,91.57217,EPSG:4326,,,,,,,,,,,,
69219ce86719e50b6d7f573e08f4f8ceefcc5b6d,,,,,,,,México,MX,Chiapas,,Ocozocoautla de Espinosa,Ejido Armando Zebadua,914.0,,,,,,,,,16.92625,93.45562,EPSG:4326,,,,,,,,,,,,
e3fb44733250235e25208c8c78ce12a57693254d,,,,,,,,México,MX,Querétaro,,Cadereytas del Montes,El Doctor,2708.0,,,,,,,,,20.85064,99.58828,EPSG:4326,,,,,,,,,,,,
164baf32e5ae02f088b3c308fb60e8d6deb2ee46,,,,,,,,México,MX,Oaxaca,,San Mateo Río Hondo,San José del Pacífico,2772.0,,,,,,,,,16.17409,96.49235,EPSG:4326,,,,,,,,,,,,
91fd239d83a4831a6e84d6842e2f934ce2c8404a,,,,,,,,México,MX,México,,Ixtapan de la Sal,Llano de san Diego,1793.0,,,,,,,,,18.86781,99.64884,EPSG:4326,,,,,,,,,,,,
354190a79d43a444fd4d6862f0236af585cc06f2,,,,,,,,México,MX,Oaxaca,,San Mateo Río Hondo,San José del Pacifico,2695.0,,,,,,,,,16.17017,96.49415,EPSG:4326,,,,,,,,,,,,
d1f10d6dc5601e51ed480230cf1c36779ffd2b4a,,,,,,,,México,MX,Chiapas,,Zinacantán,"Multajo, 2 km Este, Carr 190",1502.0,,,,,,,,,16.71654,92.85908,EPSG:4326,,,,,,,,,,,,
b35be8bc6a6f462891e192e3bf17b7d77c7dd51c,,,,,,,,México,MX,Chiapas,,Zinacantán,la Pera,1963.0,,,,,,,,,16.72828,92.81242,EPSG:4326,,,,,,,,,,,,
5c0f664474b9eee9f9a49d7046330c5ad6771c78,,,,,,,,México,MX,Chiapas,,Las Rosas (Villa),,1721.0,,,,,,,,,16.44849,92.40286,EPSG:4326,,,,,,,,,,,,
685832839a26cb7b556e320e0ae04628ac1fda92,,,,,,,,México,MX,Chiapas,,Venustiano Carranza,Soyatitan,991.0,,,,,,,,,16.32169,92.41574,EPSG:4326,,,,,,,,,,,,
16117d6ccc279a1c56085302525052cb28426a30,,,,,,,,México,MX,Chiapas,,Venustiano Carranza,Carretera Venustiano Carramza-Acala,532.0,,,,,,,,,16.40147,92.73015,EPSG:4326,,,,,,,,,,,,
468c2fde9fd4b0de7cdf5d444e1fd9a012998cd7,,,,,,,,México,MX,Oaxaca,,Santo Tomás Jalieza,"Autopista, km 31",1555.0,,,,,,,,,16.84316,96.65405,EPSG:4326,,,,,,,,,,,,
ae31d763d198ad7a64518eb697b3f87dc54a0997,,,,,,,,México,MX,Oaxaca,,San Agustin Amatengo,Carretera 175,1595.0,,,,,,,,,16.50719,96.73696,EPSG:4326,,,,,,,,,,,,
eafbc6f5c2a77d13c70a0f765d6f04b1a662d4ad,,,,,,,,México,MX,Oaxaca,,Miahuatlan de Porfirio Diaz,"El Zompantle, carr 175",1554.0,,,,,,,,,16.41448,96.66933,EPSG:4326,,,,,,,,,,,,
0194733d23a77e301e0a1e84d1396b121bf4f752,,,,,,,,México,MX,Oaxaca,,San Miguel Suchixtepec,puente el Molino II,2238.0,,,,,,,,,16.07961,96.47385,EPSG:4326,,,,,,,,,,,,
985e4120805aa7b77c832dc7c05ef61b7b4986c9,,,,,,,,México,MX,Oaxaca,,San Miguel Suchixtepec,"Carretera 175, norte del pueblo",2715.0,,,,,,,,,16.11575,96.47539,EPSG:4326,,,,,,,,,,,,
0da7719bc6ad8e31eee459d709fdd2f24952e048,,,,,,,,México,MX,Oaxaca,,Santo Tomás Tamazulapam,cerca tereno de football,1688.0,,,,,,,,,16.27867,96.58105,EPSG:4326,,,,,,,,,,,,
f655f6de07acbc61762f9b326c9c64a85a23ed0f,,,,,,,,México,MX,Oaxaca,,Santo Tomás Tamazulapan,"Car. 175, 4km SE",2009.0,,,,,,,,,16.24921,96.54864,EPSG:4326,,,,,,,,,,,,
5c87a471cad0da4edd1dd769046396236634f779,,,,,,,,México,MX,Oaxaca,,Santa Ana del Valle,Siinbuichi,1830.0,,,,,,,,,17.00791,96.45296,EPSG:4326,,,,,,,,,,,,
b72795360727131cd12f02c0214e6cac7cebe006,,,,,,,,México,MX,Oaxaca,,Tlacolula de Matamoros,"Carretera 190, cerca de la carcel",1641.0,,,,,,,,,16.93552,96.43465,EPSG:4326,,,,,,,,,,,,
783727a463e11482fc6c0efd034f47c39f87fd6a,,,,,,,,México,MX,Oaxaca,,Santiago Matatlan,"Carretera 190, 3 km al Sur del pueblo",1824.0,,,,,,,,,16.84101,96.37163,EPSG:4326,,,,,,,,,,,,
8fdf219b11a17a97c03985c69091042144a77c2a,,,,,,,,México,MX,Oaxaca,,Nejapa de Madero,El Gramal,683.0,,,,,,,,,16.61578,96.03024,EPSG:4326,,,,,,,,,,,,
7d65d8c465d07d4851cf05490da5f38446615efe,,,,,,,,México,MX,Oaxaca,,San Pedro Totolapan,"Carretera 190, 2 km NO del Pueblo",994.0,,,,,,,,,16.68043,96.31699,EPSG:4326,,,,,,,,,,,,
4fbc0c7aabc59e7fbcc22b7aa6c40bb534081622,,,,,,,,México,MX,Oaxaca,,San Juan Lajarcia,Carretera 190,1110.0,,,,,,,,,16.52987,95.93128,EPSG:4326,,,,,,,,,,,,
2d62b569eadd771dfc5a34169cb5822e6efd47ca,,,,,,,,México,MX,Oaxaca,,Santa Catarina Lachatao,Benito Juárez,2885.0,,,,,,,,,17.10908,96.49475,EPSG:4326,,,,,,,,,,,,
8b224939f21c27258fea0d05efeeab24640bf133,,,,,,,,México,MX,Oaxaca,,Santiago Comaltepec,"Carretera 175, 4,3km ENE de la cabezera en linea recta",2880.0,,,,,,,,,17.57642,96.50914,EPSG:4326,,,,,,,,,,,,
e2cebcc6acb3dfff8a4533410f0f5e4f54b60ed4,,,,,,,,México,MX,Oaxaca,,Santiago Comaltepec,"Carretera 175, 1,5km N del cruzero de Puerta del Sol",2765.0,,,,,,,,,17.54313,96.51542,EPSG:4326,,,,,,,,,,,,
39e224875a089d007cdad8d744662bb2e7c8a20c,,,,,,,,México,MX,Oaxaca,,San Juan Evangelista Analco,"Carretera 175, 3,9km SE de la cabezera",2576.0,,,,,,,,,17.3839,96.51066,EPSG:4326,,,,,,,,,,,,
ef245fd1206cd9d46ca6e379b66aa0b93f744bf7,,,,,,,,México,MX,Oaxaca,,Santa Catarina Ixtepeji,"Carretera 175,",2520.0,,,,,,,,,17.19802,96.59466,EPSG:4326,,,,,,,,,,,,
25313405dfcd06209e5b068d97b78fa6749d1893,,,,,,,,México,MX,Oaxaca,,San Juan del Estado,sur del pueblo,1726.0,,,,,,,,,17.26611,96.80103,EPSG:4326,,,,,,,,,,,,
d5c1922c58a492015432c7533ba55b2d73bbe751,,,,,,,,México,MX,Oaxaca,,Suchilquitongo,terraceria sur de la presa,1926.0,,,,,,,,,17.20244,96.94672,EPSG:4326,,,,,,,,,,,,
822ea0595fe63b19d302298a9aff7102ab8f4ad9,,,,,,,,México,MX,Chiapas,,El Porvenir ,"1,1 km S El Porvenir",2863.0,,,,,,,,,15.44532,92.27891,EPSG:4326,,,,,,,,,,,,
990537d1af55af5c7630652e9799c60b805f0cd5,,,,,,,,México,MX,Chiapas,,Motozintla de Mendoza,Llano Grande; Carretera a Motozintla,2512.0,,,,,,,,,15.39453,92.33005,EPSG:4326,,,,,,,,,,,,
78745c1de662a94fb29fcf98e2a58b5291b611d3,,,,,,,,México,MX,Chiapas,,El Porvenir,El Porvenir,2908.0,,,,,,,,,15.45515,92.30473,EPSG:4326,,,,,,,,,,,,
edb7b786b484bfc13b7eb38f02736dfae1e8e959,,,,,,,,México,MX,Chiapas,,Siltepec,las Delicias,1460.0,,,,,,,,,15.55552,92.40129,EPSG:4326,,,,,,,,,,,,
2ce13e61d776cb79dd95fcaba9d467f6301da8fc,,,,,,,,México,MX,Chiapas,,Angel Albino Corzo,las Delicias,823.0,,,,,,,,,15.6435,92.49969,EPSG:4326,,,,,,,,,,,,
5b6143698cb04bcb70e22e50bbc2079ca14369b4,,,,,,,,México,MX,Chiapas,,Ángel Albino Corzo,Salida SO,640.0,,,,,,,,,15.8649,92.74038,EPSG:4326,,,,,,,,,,,,
bdb6d0895425af8486c2ea6cb87e2ccbca921db9,,,,,,,,México,MX,Chiapas,,Ángel Albino Corzo,,811.0,,,,,,,,,15.78974,92.80896,EPSG:4326,,,,,,,,,,,,
24debfeb05ea188591fa3fd393563ef559e795dc,,,,,,,,México,MX,Campeche,,Hopelchén,Xmabén,114.0,,,,,,,,,19.24231,89.32024,EPSG:4326,,,,,,,,,,,,
a4388b7ef22a88082c83ec4da15a6ce144c858ae,,,,,,,,México,MX,Campeche,,Hopelchén,Ich-Ek,70.0,,,,,,,,,19.76077,89.94472,EPSG:4326,,,,,,,,,,,,
5a08c0405565086d4e2d59693ef8f66b3c06e539,,,,,,,,México,MX,Campeche,,Hopelchén,Ich-Ek,78.0,,,,,,,,,19.734,89.943,EPSG:4326,,,,,,,,,,,,
6030e3e06b1df6e1c13c83d12a3eb68f3a1e7f03,,,,,,,,México,MX,Campeche,,Hopelchén,Bolonchén,105.0,,,,,,,,,20.04292,89.7415,EPSG:4326,,,,,,,,,,,,
51f6fbfce33ebe310e9dc228afb86333adfadf4b,,,,,,,,México,MX,Campeche,,Hopelchén,Bolonchén,93.0,,,,,,,,,20.04472,89.70139,EPSG:4326,,,,,,,,,,,,
6c1c87d506f9b8e1389d4e6a0d1bc3302a954a44,,,,,,,,México,MX,Campeche,,Hopelchén,Nuevo Progreso,77.0,,,,,,,,,19.65609,89.65735,EPSG:4326,,,,,,,,,,,,
0b33c99a6fc5510d59ad764c96990f82dcc6a7ab,,,,,,,,México,MX,Campeche,,Hopelchén,Nuevo Progreso,70.0,,,,,,,,,19.71292,89.80461,EPSG:4326,,,,,,,,,,,,
d118806b9d4d7653bb7c5143239ced5d6eba3b66,,,,,,,,México,MX,Campeche,,Hopelchén,El Temporal,110.0,,,,,,,,,19.57628,89.77431,EPSG:4326,,,,,,,,,,,,
434368555e6e989006414933ace0cf82af44ee69,,,,,,,,México,MX,Campeche,,Hopelchén,El Temporal,143.0,,,,,,,,,19.5425,89.74861,EPSG:4326,,,,,,,,,,,,
e247960fe540a88d7cddc460076aea71799e8221,,,,,,,,México,MX,Campeche,,Hopelchén,Trinidad,147.0,,,,,,,,,19.39277,89.70933,EPSG:4326,,,,,,,,,,,,
8569afda58fc7ea0a88f551dfe54dbb474b02908,,,,,,,,México,MX,Campeche,,Hopelchén,Trinidad,168.0,,,,,,,,,19.36586,89.72721,EPSG:4326,,,,,,,,,,,,
b82bb8fa7e1533bb5f1997812f992bb8e7c11c1e,,,,,,,,México,MX,Campeche,,Hopelchén,Nuevo Durango,122.0,,,,,,,,,19.40737,89.39675,EPSG:4326,,,,,,,,,,,,
e486a88003331d6c0e09b50b40cc5ff61e4e4087,,,,,,,,México,MX,Campeche,,Hopelchén,Nuevo Durango,130.0,,,,,,,,,19.40694,89.35139,EPSG:4326,,,,,,,,,,,,
28c34df5df5d4663fce47e257a7dc9cb0e691471,,,,,,,,México,MX,Campeche,,Hopelchén,Xmabén,130.0,,,,,,,,,19.33339,89.26522,EPSG:4326,,,,,,,,,,,,
2ba46775457e3be973e377854e406e602ef2d551,,,,,,,,México,MX,Campeche,,Hopelchén,Xmejía,148.0,,,,,,,,,19.22753,89.37812,EPSG:4326,,,,,,,,,,,,
8366e2b2af1090c8a3e62d55ee3cf43e2f0bc9d4,,,,,,,,México,MX,Campeche,,Hopelchén,Xmejía,170.0,,,,,,,,,19.192,89.373,EPSG:4326,,,,,,,,,,,,
192d120547b9edcb124bdc61fec39963a4f9191b,,,,,,,,Nicaragua,NI,Rivas,,San Juan del Sur,Camino a Collado,39.0,,,,,,,,,11.19334,85.76996,EPSG:4326,,,,,,,,,,,,
95e708ef53c51814288abe36cc60053c20c39699,,,,,,,,Nicaragua,NI,Rivas,,San Juan del Sur,Camino a San Antonio,15.0,,,,,,,,,11.12114,85.75496,EPSG:4326,,,,,,,,,,,,
22704f3799ad365a3fa759ced74734ffbaab71b7,,,,,,,,Nicaragua,NI,Rivas,,San Juan del Sur,Camino de Escameca a Collado,25.0,,,,,,,,,11.18204,85.79354,EPSG:4326,,,,,,,,,,,,
d02f5ab1d8880a2375004d2c972e6608c1b078b4,,,,,,,,Nicaragua,NI,Rivas,,San Juan del Sur,Fátima,188.0,,,,,,,,,11.18569,85.72649,EPSG:4326,,,,,,,,,,,,
5728a5b35e666dbb88804169355efa0ed5a6b131,,,,,,,,Nicaragua,NI,Rivas,,Cárdenas,Finca Paso Pacifico,109.0,,,,,,,,,11.20235,85.65926,EPSG:4326,,,,,,,,,,,,
e5380ca0eba47a0c63c9dd217f6f3b7c6814c8fa,,,,,,,,Nicaragua,NI,Rivas,,San Juan del Sur ,Hacienda La Flor,16.0,,,,,,,,,11.14192,85.7829,EPSG:4326,,,,,,,,,,,,
65c66ce376a05af83971f2354acaecbcb1c08310,,,,,,,,Nicaragua,NI,Rivas,,San Juan del Sur,Manglar Ostional,9.0,,,,,,,,,11.11025,85.76227,EPSG:4326,,,,,,,,,,,,
c8b65906a45b582955e1a6bbb0db86ea133f12b6,,,,,,,,Nicaragua,NI,Rivas,,Cárdenas,Miguel Ángel Soto,195.0,,,,,,,,,11.19744,85.66385,EPSG:4326,,,,,,,,,,,,
01d813bf2202cd05d6fc69a768861c531c80dc7f,,,,,,,,Nicaragua,NI,Rivas,,San Juan del Sur,Puente Escameca,10.0,,,,,,,,,11.17169,85.80283,EPSG:4326,,,,,,,,,,,,
74cc2adcf9c235d2772eecb6414c75b8e4749977,,,,,,,,Nicaragua,NI,Rivas,,Cardenas ,Punta de piedra ,34.0,,,,,,,,,11.22777,85.54059,EPSG:4326,,,,,,,,,,,,
256de614ed2870d57942572ee7da8d05f3814647,,,,,,,,Nicaragua,NI,Rivas,,Cárdenas,Reserva Reserva Mono Bayo ,109.0,,,,,,,,,11.20235,85.65926,EPSG:4326,,,,,,,,,,,,
43488e36de2f93d327f5e06570b4a520fb3b0577,,,,,,,,Nicaragua,NI,Rivas,,San Juan del Sur,Río Ostional,22.0,,,,,,,,,11.12598,85.7498,EPSG:4326,,,,,,,,,,,,
7edf631ee01e9df91c5d4f952317a7ea1c6c416c,,,,,,,,México,MX,Chiapas,,La Concordia,"Pacayal, Campo de futbol",1370.0,,,,,,,,,15.78258,92.98462,EPSG:4326,,,,,,,,,,,,
40220764ad4cfab34e9c2cbe623e8f0209a43a21,,,,,,,,México,MX,Chiapas,,La Concordia,Rio sin nombre,872.0,,,,,,,,,15.76952,92.95732,EPSG:4326,,,,,,,,,,,,
d169a62e1befaa2ec4daff60bea96464955236ca,,,,,,,,México,MX,Chiapas,,La Concordia,San Francisco,1880.0,,,,,,,,,15.77563,93.00939,EPSG:4326,,,,,,,,,,,,
22bad5978084e49ba134d0c0cd42a9dd26e8382e,,,,,,,,México,MX,Chiapas,,La Concordia,San Francisco,1559.0,,,,,,,,,15.78002,93.00684,EPSG:4326,,,,,,,,,,,,
5c16c859d41a7e38b314e9fa9afc21c7b994eac2,,,,,,,,México,MX,Baja California Norte,,Ensenada,camino a Sierra Juarez,1619.0,,,,,,,,,32.22755,115.94368,EPSG:4326,,,,,,,,,,,,
be59576393736d6987ee5778ae27229d105195c0,,,,,,,,México,MX,Oaxaca,,San Juan Evangelista Analco,Car. n°175,2694.0,,,,,,,,,17.39602,96.5092,EPSG:4326,,,,,,,,,,,,
